Team,Logo,M1,D1,L1,T1,M2,D2,L2,T2,M3,D3,L3,T3,M4,D4,L4,T4,M5,D5,L5,T5,M6,D6,L6,T6,M7,D7,L7,T7,M8,D8,L8,T8,M9,D9,L9,T9,M10,D10,L10,T10,M11,D11,L11,T11,M12,D12,L12,T12
Air Force,\Logos\Air Force.png,SEP,1,H,\Logos\Stony Brook.png,SEP,8,A,\Logos\FL Atlantic.png,SEP,22,A,\Logos\Utah St.png,SEP,29,H,\Logos\Nevada.png,OCT,6,H,\Logos\Navy.png,OCT,12,A,\Logos\San Diego St.png,OCT,19,A,\Logos\UNLV.png,OCT,27,H,\Logos\Boise St.png,NOV,3,A,\Logos\Army.png,NOV,10,H,\Logos\New Mexico.png,NOV,17,A,\Logos\Wyoming.png,NOV,22,H,\Logos\Colorado St.png
Akron,\Logos\Akron.png,SEP,1,A,\Logos\Nebraska.png,SEP,8,H,\Logos\Morgan St.png,SEP,15,A,\Logos\Northwestern.png,SEP,22,A,\Logos\Iowa St.png,OCT,6,H,\Logos\Miami OH.png,OCT,13,A,\Logos\Buffalo.png,OCT,20,A,\Logos\Kent.png,OCT,27,H,\Logos\C Michigan.png,NOV,1,H,\Logos\N Illinois.png,NOV,10,A,\Logos\E Michigan.png,NOV,17,H,\Logos\Bowling Green.png,NOV,23,A,\Logos\Ohio.png
Alabama,\Logos\Alabama.png,SEP,1,N,\Logos\Louisville.png,SEP,8,H,\Logos\Arkansas St.png,SEP,15,A,\Logos\Mississippi.png,SEP,22,H,\Logos\Texas A&M.png,SEP,29,H,\Logos\ULL.png,OCT,6,A,\Logos\Arkansas.png,OCT,13,H,\Logos\Missouri.png,OCT,20,A,\Logos\Tennessee.png,NOV,3,A,\Logos\LSU.png,NOV,10,H,\Logos\Mississippi St.png,NOV,17,H,\Logos\Citadel.png,NOV,24,H,\Logos\Auburn.png
Appalachian St,\Logos\Appalachian St.png,SEP,1,A,\Logos\Penn St.png,SEP,8,A,\Logos\Charlotte.png,SEP,15,H,\Logos\Southern Miss.png,SEP,22,H,\Logos\Gardner Webb.png,SEP,29,H,\Logos\South Alabama.png,OCT,9,A,\Logos\Arkansas St.png,OCT,20,H,\Logos\ULL.png,OCT,25,A,\Logos\Ga Southern.png,NOV,3,A,\Logos\Coastal Car.png,NOV,10,A,\Logos\Texas St.png,NOV,17,H,\Logos\Georgia St.png,NOV,24,H,\Logos\Troy.png
Arizona,\Logos\Arizona.png,SEP,1,H,\Logos\BYU.png,SEP,8,A,\Logos\Houston.png,SEP,15,H,\Logos\Southern Utah.png,SEP,22,A,\Logos\Oregon St.png,SEP,29,H,\Logos\USC.png,OCT,6,H,\Logos\California.png,OCT,12,A,\Logos\Utah.png,OCT,20,A,\Logos\UCLA.png,OCT,27,H,\Logos\Oregon.png,NOV,2,H,\Logos\Colorado.png,NOV,17,A,\Logos\Washington St.png,NOV,24,H,\Logos\Arizona St.png
Arizona St,\Logos\Arizona St.png,SEP,1,H,\Logos\UT San Antonio.png,SEP,8,H,\Logos\Michigan St.png,SEP,15,A,\Logos\San Diego St.png,SEP,22,A,\Logos\Washington.png,SEP,29,H,\Logos\Oregon St.png,OCT,6,A,\Logos\Colorado.png,OCT,18,H,\Logos\Stanford.png,OCT,27,A,\Logos\USC.png,NOV,3,H,\Logos\Utah.png,NOV,10,H,\Logos\UCLA.png,NOV,17,A,\Logos\Oregon.png,NOV,24,A,\Logos\Arizona.png
Arkansas,\Logos\Arkansas.png,SEP,1,H,\Logos\E Illinois.png,SEP,8,A,\Logos\Colorado St.png,SEP,15,H,\Logos\North Texas.png,SEP,22,A,\Logos\Auburn.png,SEP,29,N,\Logos\Texas A&M.png,OCT,6,H,\Logos\Alabama.png,OCT,13,N,\Logos\Mississippi.png,OCT,20,H,\Logos\Tulsa.png,OCT,27,H,\Logos\Vanderbilt.png,NOV,10,H,\Logos\LSU.png,NOV,17,A,\Logos\Mississippi St.png,NOV,24,A,\Logos\Missouri.png
Arkansas St,\Logos\Arkansas St.png,SEP,1,H,\Logos\SE Missouri St.png,SEP,8,A,\Logos\Alabama.png,SEP,15,A,\Logos\Tulsa.png,SEP,22,H,\Logos\UNLV.png,SEP,29,A,\Logos\Ga Southern.png,OCT,9,H,\Logos\Appalachian St.png,OCT,18,H,\Logos\Georgia St.png,OCT,27,A,\Logos\ULL.png,NOV,3,H,\Logos\South Alabama.png,NOV,10,A,\Logos\Coastal Car.png,NOV,17,H,\Logos\ULM.png,NOV,24,A,\Logos\Texas St.png
Army,\Logos\Army.png,AUG,31,A,\Logos\Duke.png,SEP,8,H,\Logos\Liberty.png,SEP,15,H,\Logos\Hawaii.png,SEP,22,A,\Logos\Oklahoma.png,SEP,29,A,\Logos\Buffalo.png,OCT,13,A,\Logos\San Jose St.png,OCT,20,H,\Logos\Miami OH.png,OCT,27,A,\Logos\E Michigan.png,NOV,3,H,\Logos\Air Force.png,NOV,10,H,\Logos\Lafayette.png,NOV,17,H,\Logos\Colgate.png,DEC,8,N,\Logos\Navy.png
Auburn,\Logos\Auburn.png,SEP,1,N,\Logos\Washington.png,SEP,8,H,\Logos\Alabama St.png,SEP,15,H,\Logos\LSU.png,SEP,22,H,\Logos\Arkansas.png,SEP,29,H,\Logos\Southern Miss.png,OCT,6,A,\Logos\Mississippi St.png,OCT,13,H,\Logos\Tennessee.png,OCT,20,A,\Logos\Mississippi.png,NOV,3,H,\Logos\Texas A&M.png,NOV,10,A,\Logos\Georgia.png,NOV,17,H,\Logos\Liberty.png,NOV,24,A,\Logos\Alabama.png
Ball St,\Logos\Ball St.png,AUG,30,H,\Logos\Central Conn.png,SEP,8,A,\Logos\Notre Dame.png,SEP,15,A,\Logos\Indiana.png,SEP,22,H,\Logos\WKU.png,SEP,29,H,\Logos\Kent.png,OCT,6,H,\Logos\N Illinois.png,OCT,13,A,\Logos\C Michigan.png,OCT,20,H,\Logos\E Michigan.png,OCT,25,A,\Logos\Ohio.png,OCT,31,A,\Logos\Toledo.png,NOV,13,H,\Logos\W Michigan.png,NOV,20,A,\Logos\Miami OH.png
Baylor,\Logos\Baylor.png,SEP,1,H,\Logos\Abilene Chr.png,SEP,8,A,\Logos\UT San Antonio.png,SEP,15,H,\Logos\Duke.png,SEP,22,H,\Logos\Kansas.png,SEP,29,A,\Logos\Oklahoma.png,OCT,6,H,\Logos\Kansas St.png,OCT,13,A,\Logos\Texas.png,OCT,25,A,\Logos\West Virginia.png,NOV,3,H,\Logos\Oklahoma St.png,NOV,10,A,\Logos\Iowa St.png,NOV,17,H,\Logos\TCU.png,NOV,24,N,\Logos\Texas Tech.png
Boise St,\Logos\Boise St.png,SEP,1,A,\Logos\Troy.png,SEP,8,H,\Logos\Connecticut.png,SEP,15,A,\Logos\Oklahoma St.png,SEP,29,A,\Logos\Wyoming.png,OCT,6,H,\Logos\San Diego St.png,OCT,13,A,\Logos\Nevada.png,OCT,19,H,\Logos\Colorado St.png,OCT,27,A,\Logos\Air Force.png,NOV,3,H,\Logos\BYU.png,NOV,9,H,\Logos\Fresno St.png,NOV,16,A,\Logos\New Mexico.png,NOV,24,H,\Logos\Utah St.png
Boston College,\Logos\Boston College.png,SEP,1,H,\Logos\Massachusetts.png,SEP,8,H,\Logos\Holy Cross.png,SEP,13,A,\Logos\Wake Forest.png,SEP,22,A,\Logos\Purdue.png,SEP,29,H,\Logos\Temple.png,OCT,6,A,\Logos\NC State.png,OCT,13,H,\Logos\Louisville.png,OCT,26,H,\Logos\Miami FL.png,NOV,3,A,\Logos\Virginia Tech.png,NOV,10,H,\Logos\Clemson.png,NOV,17,A,\Logos\Florida St.png,NOV,24,H,\Logos\Syracuse.png
Bowling Green,\Logos\Bowling Green.png,SEP,1,A,\Logos\Oregon.png,SEP,8,H,\Logos\Maryland.png,SEP,15,H,\Logos\E Kentucky.png,SEP,22,H,\Logos\Miami OH.png,SEP,29,A,\Logos\Georgia Tech.png,OCT,6,A,\Logos\Toledo.png,OCT,13,H,\Logos\W Michigan.png,OCT,20,A,\Logos\Ohio.png,OCT,30,H,\Logos\Kent.png,NOV,10,A,\Logos\C Michigan.png,NOV,17,A,\Logos\Akron.png,NOV,23,H,\Logos\Buffalo.png
Buffalo,\Logos\Buffalo.png,SEP,1,H,\Logos\Delaware St.png,SEP,8,A,\Logos\Temple.png,SEP,15,H,\Logos\E Michigan.png,SEP,22,A,\Logos\Rutgers.png,SEP,29,H,\Logos\Army.png,OCT,6,A,\Logos\C Michigan.png,OCT,13,H,\Logos\Akron.png,OCT,20,A,\Logos\Toledo.png,OCT,30,H,\Logos\Miami OH.png,NOV,6,H,\Logos\Kent.png,NOV,14,A,\Logos\Ohio.png,NOV,23,A,\Logos\Bowling Green.png
BYU,\Logos\BYU.png,SEP,1,A,\Logos\Arizona.png,SEP,8,H,\Logos\California.png,SEP,15,A,\Logos\Wisconsin.png,SEP,22,H,\Logos\McNeese St.png,SEP,29,A,\Logos\Washington.png,OCT,5,H,\Logos\Utah St.png,OCT,13,H,\Logos\Hawaii.png,OCT,27,H,\Logos\N Illinois.png,NOV,3,A,\Logos\Boise St.png,NOV,10,N,\Logos\Massachusetts.png,NOV,17,H,\Logos\New Mexico St.png,NOV,24,A,\Logos\Utah.png
C Michigan,\Logos\C Michigan.png,SEP,1,A,\Logos\Kentucky.png,SEP,8,H,\Logos\Kansas.png,SEP,15,A,\Logos\N Illinois.png,SEP,22,H,\Logos\Maine.png,SEP,29,A,\Logos\Michigan St.png,OCT,6,H,\Logos\Buffalo.png,OCT,13,H,\Logos\Ball St.png,OCT,20,H,\Logos\W Michigan.png,OCT,27,A,\Logos\Akron.png,NOV,3,A,\Logos\E Michigan.png,NOV,10,H,\Logos\Bowling Green.png,NOV,23,A,\Logos\Toledo.png
California,\Logos\California.png,SEP,1,H,\Logos\North Carolina.png,SEP,8,A,\Logos\BYU.png,SEP,15,H,\Logos\Idaho St.png,SEP,29,H,\Logos\Oregon.png,OCT,6,A,\Logos\Arizona.png,OCT,13,H,\Logos\UCLA.png,OCT,20,A,\Logos\Oregon St.png,OCT,27,H,\Logos\Washington.png,NOV,3,A,\Logos\Washington St.png,NOV,10,A,\Logos\USC.png,NOV,17,H,\Logos\Stanford.png,NOV,24,H,\Logos\Colorado.png
Charlotte,\Logos\Charlotte.png,SEP,1,H,\Logos\Fordham.png,SEP,8,H,\Logos\Appalachian St.png,SEP,15,H,\Logos\Old Dominion.png,SEP,22,A,\Logos\Massachusetts.png,SEP,29,A,\Logos\UAB.png,OCT,13,H,\Logos\WKU.png,OCT,20,A,\Logos\MTSU.png,OCT,27,H,\Logos\Southern Miss.png,NOV,3,A,\Logos\Tennessee.png,NOV,10,A,\Logos\Marshall.png,NOV,17,H,\Logos\Florida Intl.png,NOV,24,A,\Logos\FL Atlantic.png
Cincinnati,\Logos\Cincinnati.png,SEP,1,A,\Logos\UCLA.png,SEP,8,H,\Logos\Miami OH.png,SEP,15,H,\Logos\Alabama A&M.png,SEP,22,H,\Logos\Ohio.png,SEP,29,A,\Logos\Connecticut.png,OCT,6,H,\Logos\Tulane.png,OCT,20,A,\Logos\Temple.png,OCT,27,A,\Logos\SMU.png,NOV,3,H,\Logos\Navy.png,NOV,10,H,\Logos\South Florida.png,NOV,17,A,\Logos\UCF.png,NOV,23,H,\Logos\East Carolina.png
Clemson,\Logos\Clemson.png,SEP,1,H,\Logos\Furman.png,SEP,8,A,\Logos\Texas A&M.png,SEP,15,H,\Logos\Ga Southern.png,SEP,22,A,\Logos\Georgia Tech.png,SEP,29,H,\Logos\Syracuse.png,OCT,6,A,\Logos\Wake Forest.png,OCT,20,H,\Logos\NC State.png,OCT,27,A,\Logos\Florida St.png,NOV,3,H,\Logos\Louisville.png,NOV,10,A,\Logos\Boston College.png,NOV,17,H,\Logos\Duke.png,NOV,24,H,\Logos\South Carolina.png
Coastal Car,\Logos\Coastal Car.png,SEP,1,A,\Logos\South Carolina.png,SEP,8,H,\Logos\UAB.png,SEP,15,H,\Logos\Campbell.png,SEP,22,A,\Logos\ULL.png,SEP,29,A,\Logos\Troy.png,OCT,13,H,\Logos\ULM.png,OCT,20,A,\Logos\Massachusetts.png,OCT,27,A,\Logos\Georgia St.png,NOV,3,H,\Logos\Appalachian St.png,NOV,10,H,\Logos\Arkansas St.png,NOV,17,H,\Logos\Ga Southern.png,NOV,23,A,\Logos\South Alabama.png
Colorado,\Logos\Colorado.png,AUG,31,N,\Logos\Colorado St.png,SEP,8,A,\Logos\Nebraska.png,SEP,15,H,\Logos\New Hampshire.png,SEP,28,H,\Logos\UCLA.png,OCT,6,H,\Logos\Arizona St.png,OCT,13,A,\Logos\USC.png,OCT,20,A,\Logos\Washington.png,OCT,27,H,\Logos\Oregon St.png,NOV,2,A,\Logos\Arizona.png,NOV,10,H,\Logos\Washington St.png,NOV,17,H,\Logos\Utah.png,NOV,24,A,\Logos\California.png
Colorado St,\Logos\Colorado St.png,AUG,25,H,\Logos\Hawaii.png,AUG,31,N,\Logos\Colorado.png,SEP,8,H,\Logos\Arkansas.png,SEP,15,A,\Logos\Florida.png,SEP,22,H,\Logos\Illinois St.png,OCT,6,A,\Logos\San Jose St.png,OCT,13,H,\Logos\New Mexico.png,OCT,19,A,\Logos\Boise St.png,OCT,26,H,\Logos\Wyoming.png,NOV,10,A,\Logos\Nevada.png,NOV,17,H,\Logos\Utah St.png,NOV,22,A,\Logos\Air Force.png
Connecticut,\Logos\Connecticut.png,AUG,30,H,\Logos\UCF.png,SEP,8,A,\Logos\Boise St.png,SEP,15,H,\Logos\Rhode Island.png,SEP,22,A,\Logos\Syracuse.png,SEP,29,H,\Logos\Cincinnati.png,OCT,6,A,\Logos\Memphis.png,OCT,20,A,\Logos\South Florida.png,OCT,27,H,\Logos\Massachusetts.png,NOV,3,A,\Logos\Tulsa.png,NOV,10,H,\Logos\SMU.png,NOV,17,A,\Logos\East Carolina.png,NOV,24,H,\Logos\Temple.png
Duke,\Logos\Duke.png,AUG,31,H,\Logos\Army.png,SEP,8,A,\Logos\Northwestern.png,SEP,15,A,\Logos\Baylor.png,SEP,22,H,\Logos\NC Central.png,SEP,29,H,\Logos\Virginia Tech.png,OCT,13,A,\Logos\Georgia Tech.png,OCT,20,H,\Logos\Virginia.png,OCT,27,A,\Logos\Pittsburgh.png,NOV,3,A,\Logos\Miami FL.png,NOV,10,H,\Logos\North Carolina.png,NOV,17,A,\Logos\Clemson.png,NOV,24,H,\Logos\Wake Forest.png
E Michigan,\Logos\E Michigan.png,AUG,31,H,\Logos\Monmouth NJ.png,SEP,8,A,\Logos\Purdue.png,SEP,15,A,\Logos\Buffalo.png,SEP,22,A,\Logos\San Diego St.png,SEP,29,H,\Logos\N Illinois.png,OCT,6,A,\Logos\W Michigan.png,OCT,13,H,\Logos\Toledo.png,OCT,20,A,\Logos\Ball St.png,OCT,27,H,\Logos\Army.png,NOV,3,H,\Logos\C Michigan.png,NOV,10,H,\Logos\Akron.png,NOV,23,A,\Logos\Kent.png
East Carolina,\Logos\East Carolina.png,SEP,1,H,\Logos\NC A&T.png,SEP,8,H,\Logos\North Carolina.png,SEP,15,A,\Logos\Virginia Tech.png,SEP,22,A,\Logos\South Florida.png,SEP,29,H,\Logos\Old Dominion.png,OCT,6,A,\Logos\Temple.png,OCT,13,H,\Logos\Houston.png,OCT,20,H,\Logos\UCF.png,NOV,3,H,\Logos\Memphis.png,NOV,10,A,\Logos\Tulane.png,NOV,17,H,\Logos\Connecticut.png,NOV,23,A,\Logos\Cincinnati.png
FL Atlantic,\Logos\FL Atlantic.png,SEP,1,A,\Logos\Oklahoma.png,SEP,8,H,\Logos\Air Force.png,SEP,15,H,\Logos\Bethune-Cookman.png,SEP,21,A,\Logos\UCF.png,SEP,29,A,\Logos\MTSU.png,OCT,6,H,\Logos\Old Dominion.png,OCT,20,A,\Logos\Marshall.png,OCT,26,H,\Logos\Louisiana Tech.png,NOV,3,A,\Logos\Florida Intl.png,NOV,10,H,\Logos\WKU.png,NOV,15,A,\Logos\North Texas.png,NOV,24,H,\Logos\Charlotte.png
Florida,\Logos\Florida.png,SEP,1,H,\Logos\Charleston So.png,SEP,8,H,\Logos\Kentucky.png,SEP,15,H,\Logos\Colorado St.png,SEP,22,A,\Logos\Tennessee.png,SEP,29,A,\Logos\Mississippi St.png,OCT,6,H,\Logos\LSU.png,OCT,13,A,\Logos\Vanderbilt.png,OCT,27,N,\Logos\Georgia.png,NOV,3,H,\Logos\Missouri.png,NOV,10,H,\Logos\South Carolina.png,NOV,17,H,\Logos\Idaho.png,NOV,24,A,\Logos\Florida St.png
Florida Intl,\Logos\Florida Intl.png,SEP,1,H,\Logos\Indiana.png,SEP,8,A,\Logos\Old Dominion.png,SEP,15,H,\Logos\Massachusetts.png,SEP,22,A,\Logos\Miami FL.png,SEP,29,H,\Logos\Ark Pine Bluff.png,OCT,13,H,\Logos\MTSU.png,OCT,20,H,\Logos\Rice.png,OCT,27,A,\Logos\WKU.png,NOV,3,H,\Logos\FL Atlantic.png,NOV,10,A,\Logos\UT San Antonio.png,NOV,17,A,\Logos\Charlotte.png,NOV,24,H,\Logos\Marshall.png
Florida St,\Logos\Florida St.png,SEP,3,H,\Logos\Virginia Tech.png,SEP,8,H,\Logos\Samford.png,SEP,15,A,\Logos\Syracuse.png,SEP,22,H,\Logos\N Illinois.png,SEP,29,A,\Logos\Louisville.png,OCT,6,A,\Logos\Miami FL.png,OCT,20,H,\Logos\Wake Forest.png,OCT,27,H,\Logos\Clemson.png,NOV,3,A,\Logos\NC State.png,NOV,10,A,\Logos\Notre Dame.png,NOV,17,H,\Logos\Boston College.png,NOV,24,H,\Logos\Florida.png
Fresno St,\Logos\Fresno St.png,SEP,1,H,\Logos\Idaho.png,SEP,8,A,\Logos\Minnesota.png,SEP,15,A,\Logos\UCLA.png,SEP,29,H,\Logos\Toledo.png,OCT,6,A,\Logos\Nevada.png,OCT,13,H,\Logos\Wyoming.png,OCT,20,A,\Logos\New Mexico.png,OCT,27,H,\Logos\Hawaii.png,NOV,3,A,\Logos\UNLV.png,NOV,9,A,\Logos\Boise St.png,NOV,17,H,\Logos\San Diego St.png,NOV,24,H,\Logos\San Jose St.png
Ga Southern,\Logos\Ga Southern.png,SEP,1,H,\Logos\S Carolina St.png,SEP,8,H,\Logos\Massachusetts.png,SEP,15,A,\Logos\Clemson.png,SEP,29,H,\Logos\Arkansas St.png,OCT,6,H,\Logos\South Alabama.png,OCT,11,A,\Logos\Texas St.png,OCT,20,A,\Logos\New Mexico St.png,OCT,25,H,\Logos\Appalachian St.png,NOV,3,A,\Logos\ULM.png,NOV,10,H,\Logos\Troy.png,NOV,17,A,\Logos\Coastal Car.png,NOV,24,A,\Logos\Georgia St.png
Georgia,\Logos\Georgia.png,SEP,1,H,\Logos\Austin Peay.png,SEP,8,A,\Logos\South Carolina.png,SEP,15,H,\Logos\MTSU.png,SEP,22,A,\Logos\Missouri.png,SEP,29,H,\Logos\Tennessee.png,OCT,6,H,\Logos\Vanderbilt.png,OCT,13,A,\Logos\LSU.png,OCT,27,N,\Logos\Florida.png,NOV,3,A,\Logos\Kentucky.png,NOV,10,H,\Logos\Auburn.png,NOV,17,H,\Logos\Massachusetts.png,NOV,24,H,\Logos\Georgia Tech.png
Georgia St,\Logos\Georgia St.png,AUG,30,H,\Logos\Kennesaw.png,SEP,8,A,\Logos\NC State.png,SEP,14,A,\Logos\Memphis.png,SEP,22,H,\Logos\W Michigan.png,SEP,29,H,\Logos\ULM.png,OCT,4,A,\Logos\Troy.png,OCT,18,A,\Logos\Arkansas St.png,OCT,27,H,\Logos\Coastal Car.png,NOV,3,H,\Logos\Texas St.png,NOV,10,A,\Logos\ULL.png,NOV,17,A,\Logos\Appalachian St.png,NOV,24,H,\Logos\Ga Southern.png
Georgia Tech,\Logos\Georgia Tech.png,SEP,1,H,\Logos\Alcorn St.png,SEP,8,A,\Logos\South Florida.png,SEP,15,A,\Logos\Pittsburgh.png,SEP,22,H,\Logos\Clemson.png,SEP,29,H,\Logos\Bowling Green.png,OCT,5,A,\Logos\Louisville.png,OCT,13,H,\Logos\Duke.png,OCT,25,A,\Logos\Virginia Tech.png,NOV,3,A,\Logos\North Carolina.png,NOV,10,H,\Logos\Miami FL.png,NOV,17,H,\Logos\Virginia.png,NOV,24,A,\Logos\Georgia.png
Houston,\Logos\Houston.png,SEP,1,A,\Logos\Rice.png,SEP,8,H,\Logos\Arizona.png,SEP,15,A,\Logos\Texas Tech.png,SEP,22,H,\Logos\TX Southern.png,OCT,4,H,\Logos\Tulsa.png,OCT,13,A,\Logos\East Carolina.png,OCT,20,A,\Logos\Navy.png,OCT,27,H,\Logos\South Florida.png,NOV,3,A,\Logos\SMU.png,NOV,10,H,\Logos\Temple.png,NOV,15,H,\Logos\Tulane.png,NOV,23,A,\Logos\Memphis.png
Illinois,\Logos\Illinois.png,SEP,1,H,\Logos\Kent.png,SEP,8,H,\Logos\W Illinois.png,SEP,15,N,\Logos\South Florida.png,SEP,21,H,\Logos\Penn St.png,OCT,6,A,\Logos\Rutgers.png,OCT,13,H,\Logos\Purdue.png,OCT,20,A,\Logos\Wisconsin.png,OCT,27,A,\Logos\Maryland.png,NOV,3,H,\Logos\Minnesota.png,NOV,10,A,\Logos\Nebraska.png,NOV,17,H,\Logos\Iowa.png,NOV,24,A,\Logos\Northwestern.png
Indiana,\Logos\Indiana.png,SEP,1,A,\Logos\Florida Intl.png,SEP,8,H,\Logos\Virginia.png,SEP,15,H,\Logos\Ball St.png,SEP,22,H,\Logos\Michigan St.png,SEP,29,A,\Logos\Rutgers.png,OCT,6,A,\Logos\Ohio St.png,OCT,13,H,\Logos\Iowa.png,OCT,20,H,\Logos\Penn St.png,OCT,26,A,\Logos\Minnesota.png,NOV,10,H,\Logos\Maryland.png,NOV,17,A,\Logos\Michigan.png,NOV,24,H,\Logos\Purdue.png
Iowa,\Logos\Iowa.png,SEP,1,H,\Logos\N Illinois.png,SEP,8,H,\Logos\Iowa St.png,SEP,15,H,\Logos\Northern Iowa.png,SEP,22,H,\Logos\Wisconsin.png,OCT,6,A,\Logos\Minnesota.png,OCT,13,A,\Logos\Indiana.png,OCT,20,H,\Logos\Maryland.png,OCT,27,A,\Logos\Penn St.png,NOV,3,A,\Logos\Purdue.png,NOV,10,H,\Logos\Northwestern.png,NOV,17,A,\Logos\Illinois.png,NOV,23,H,\Logos\Nebraska.png
Iowa St,\Logos\Iowa St.png,SEP,1,H,\Logos\S Dakota St.png,SEP,8,A,\Logos\Iowa.png,SEP,15,H,\Logos\Oklahoma.png,SEP,22,H,\Logos\Akron.png,SEP,29,A,\Logos\TCU.png,OCT,6,A,\Logos\Oklahoma St.png,OCT,13,H,\Logos\West Virginia.png,OCT,27,H,\Logos\Texas Tech.png,NOV,3,A,\Logos\Kansas.png,NOV,10,H,\Logos\Baylor.png,NOV,17,A,\Logos\Texas.png,NOV,24,H,\Logos\Kansas St.png
Kansas,\Logos\Kansas.png,SEP,1,H,\Logos\Nicholls St.png,SEP,8,A,\Logos\C Michigan.png,SEP,15,H,\Logos\Rutgers.png,SEP,22,A,\Logos\Baylor.png,SEP,29,H,\Logos\Oklahoma St.png,OCT,6,A,\Logos\West Virginia.png,OCT,20,A,\Logos\Texas Tech.png,OCT,27,H,\Logos\TCU.png,NOV,3,H,\Logos\Iowa St.png,NOV,10,A,\Logos\Kansas St.png,NOV,17,A,\Logos\Oklahoma.png,NOV,23,H,\Logos\Texas.png
Kansas St,\Logos\Kansas St.png,SEP,1,H,\Logos\South Dakota.png,SEP,8,H,\Logos\Mississippi St.png,SEP,15,H,\Logos\UT San Antonio.png,SEP,22,A,\Logos\West Virginia.png,SEP,29,H,\Logos\Texas.png,OCT,6,A,\Logos\Baylor.png,OCT,13,H,\Logos\Oklahoma St.png,OCT,27,A,\Logos\Oklahoma.png,NOV,3,A,\Logos\TCU.png,NOV,10,H,\Logos\Kansas.png,NOV,17,H,\Logos\Texas Tech.png,NOV,24,A,\Logos\Iowa St.png
Kent,\Logos\Kent.png,SEP,1,A,\Logos\Illinois.png,SEP,8,H,\Logos\Howard.png,SEP,15,A,\Logos\Penn St.png,SEP,22,A,\Logos\Mississippi.png,SEP,29,A,\Logos\Ball St.png,OCT,6,H,\Logos\Ohio.png,OCT,13,A,\Logos\Miami OH.png,OCT,20,H,\Logos\Akron.png,OCT,30,A,\Logos\Bowling Green.png,NOV,6,A,\Logos\Buffalo.png,NOV,15,H,\Logos\Toledo.png,NOV,23,H,\Logos\E Michigan.png
Kentucky,\Logos\Kentucky.png,SEP,1,H,\Logos\C Michigan.png,SEP,8,A,\Logos\Florida.png,SEP,15,H,\Logos\Murray St.png,SEP,22,H,\Logos\Mississippi St.png,SEP,29,H,\Logos\South Carolina.png,OCT,6,A,\Logos\Texas A&M.png,OCT,20,H,\Logos\Vanderbilt.png,OCT,27,A,\Logos\Missouri.png,NOV,3,H,\Logos\Georgia.png,NOV,10,A,\Logos\Tennessee.png,NOV,17,H,\Logos\MTSU.png,NOV,24,A,\Logos\Louisville.png
Louisiana Tech,\Logos\Louisiana Tech.png,SEP,1,A,\Logos\South Alabama.png,SEP,8,H,\Logos\Southern Univ.png,SEP,22,A,\Logos\LSU.png,SEP,29,A,\Logos\North Texas.png,OCT,6,H,\Logos\UAB.png,OCT,13,A,\Logos\UT San Antonio.png,OCT,20,H,\Logos\UTEP.png,OCT,26,A,\Logos\FL Atlantic.png,NOV,3,A,\Logos\Mississippi St.png,NOV,10,H,\Logos\Rice.png,NOV,17,A,\Logos\Southern Miss.png,NOV,24,H,\Logos\WKU.png
Louisville,\Logos\Louisville.png,SEP,1,N,\Logos\Alabama.png,SEP,8,H,\Logos\Indiana St.png,SEP,15,H,\Logos\WKU.png,SEP,22,A,\Logos\Virginia.png,SEP,29,H,\Logos\Florida St.png,OCT,5,H,\Logos\Georgia Tech.png,OCT,13,A,\Logos\Boston College.png,OCT,27,H,\Logos\Wake Forest.png,NOV,3,A,\Logos\Clemson.png,NOV,9,A,\Logos\Syracuse.png,NOV,17,H,\Logos\NC State.png,NOV,24,H,\Logos\Kentucky.png
LSU,\Logos\LSU.png,SEP,2,N,\Logos\Miami FL.png,SEP,8,H,\Logos\SE Louisiana.png,SEP,15,A,\Logos\Auburn.png,SEP,22,H,\Logos\Louisiana Tech.png,SEP,29,H,\Logos\Mississippi.png,OCT,6,A,\Logos\Florida.png,OCT,13,H,\Logos\Georgia.png,OCT,20,H,\Logos\Mississippi St.png,NOV,3,H,\Logos\Alabama.png,NOV,10,A,\Logos\Arkansas.png,NOV,17,H,\Logos\Rice.png,NOV,24,A,\Logos\Texas A&M.png
Marshall,\Logos\Marshall.png,SEP,1,A,\Logos\Miami OH.png,SEP,8,H,\Logos\E Kentucky.png,SEP,15,A,\Logos\South Carolina.png,SEP,22,H,\Logos\NC State.png,SEP,29,A,\Logos\WKU.png,OCT,5,H,\Logos\MTSU.png,OCT,13,A,\Logos\Old Dominion.png,OCT,20,H,\Logos\FL Atlantic.png,NOV,3,A,\Logos\Southern Miss.png,NOV,10,H,\Logos\Charlotte.png,NOV,17,H,\Logos\UT San Antonio.png,NOV,24,A,\Logos\Florida Intl.png
Maryland,\Logos\Maryland.png,SEP,1,N,\Logos\Texas.png,SEP,8,A,\Logos\Bowling Green.png,SEP,15,H,\Logos\Temple.png,SEP,22,H,\Logos\Minnesota.png,OCT,6,A,\Logos\Michigan.png,OCT,13,H,\Logos\Rutgers.png,OCT,20,A,\Logos\Iowa.png,OCT,27,H,\Logos\Illinois.png,NOV,3,H,\Logos\Michigan St.png,NOV,10,A,\Logos\Indiana.png,NOV,17,H,\Logos\Ohio St.png,NOV,24,A,\Logos\Penn St.png
Massachusetts,\Logos\Massachusetts.png,AUG,25,H,\Logos\Duquesne.png,SEP,1,A,\Logos\Boston College.png,SEP,8,A,\Logos\Ga Southern.png,SEP,15,A,\Logos\Florida Intl.png,SEP,22,H,\Logos\Charlotte.png,SEP,29,A,\Logos\Ohio.png,OCT,6,H,\Logos\South Florida.png,OCT,20,H,\Logos\Coastal Car.png,OCT,27,A,\Logos\Connecticut.png,NOV,3,H,\Logos\Liberty.png,NOV,10,N,\Logos\BYU.png,NOV,17,A,\Logos\Georgia.png
Memphis,\Logos\Memphis.png,SEP,1,H,\Logos\Mercer.png,SEP,8,A,\Logos\Navy.png,SEP,14,H,\Logos\Georgia St.png,SEP,22,H,\Logos\South Alabama.png,SEP,28,A,\Logos\Tulane.png,OCT,6,H,\Logos\Connecticut.png,OCT,13,H,\Logos\UCF.png,OCT,20,A,\Logos\Missouri.png,NOV,3,A,\Logos\East Carolina.png,NOV,10,H,\Logos\Tulsa.png,NOV,16,A,\Logos\SMU.png,NOV,23,H,\Logos\Houston.png
Miami FL,\Logos\Miami FL.png,SEP,2,N,\Logos\LSU.png,SEP,8,H,\Logos\Savannah St.png,SEP,15,A,\Logos\Toledo.png,SEP,22,H,\Logos\Florida Intl.png,SEP,27,H,\Logos\North Carolina.png,OCT,6,H,\Logos\Florida St.png,OCT,13,A,\Logos\Virginia.png,OCT,26,A,\Logos\Boston College.png,NOV,3,H,\Logos\Duke.png,NOV,10,A,\Logos\Georgia Tech.png,NOV,17,A,\Logos\Virginia Tech.png,NOV,24,H,\Logos\Pittsburgh.png
Miami OH,\Logos\Miami OH.png,SEP,1,H,\Logos\Marshall.png,SEP,8,A,\Logos\Cincinnati.png,SEP,15,A,\Logos\Minnesota.png,SEP,22,A,\Logos\Bowling Green.png,SEP,29,H,\Logos\W Michigan.png,OCT,6,A,\Logos\Akron.png,OCT,13,H,\Logos\Kent.png,OCT,20,A,\Logos\Army.png,OCT,30,A,\Logos\Buffalo.png,NOV,7,H,\Logos\Ohio.png,NOV,14,A,\Logos\N Illinois.png,NOV,20,H,\Logos\Ball St.png
Michigan,\Logos\Michigan.png,SEP,1,A,\Logos\Notre Dame.png,SEP,8,H,\Logos\W Michigan.png,SEP,15,H,\Logos\SMU.png,SEP,22,H,\Logos\Nebraska.png,SEP,29,A,\Logos\Northwestern.png,OCT,6,H,\Logos\Maryland.png,OCT,13,H,\Logos\Wisconsin.png,OCT,20,A,\Logos\Michigan St.png,NOV,3,H,\Logos\Penn St.png,NOV,10,A,\Logos\Rutgers.png,NOV,17,H,\Logos\Indiana.png,NOV,24,A,\Logos\Ohio St.png
Michigan St,\Logos\Michigan St.png,AUG,31,H,\Logos\Utah St.png,SEP,8,A,\Logos\Arizona St.png,SEP,22,A,\Logos\Indiana.png,SEP,29,H,\Logos\C Michigan.png,OCT,6,H,\Logos\Northwestern.png,OCT,13,A,\Logos\Penn St.png,OCT,20,H,\Logos\Michigan.png,OCT,27,H,\Logos\Purdue.png,NOV,3,A,\Logos\Maryland.png,NOV,10,H,\Logos\Ohio St.png,NOV,17,A,\Logos\Nebraska.png,NOV,24,H,\Logos\Rutgers.png
Minnesota,\Logos\Minnesota.png,AUG,30,H,\Logos\New Mexico St.png,SEP,8,H,\Logos\Fresno St.png,SEP,15,H,\Logos\Miami OH.png,SEP,22,A,\Logos\Maryland.png,OCT,6,H,\Logos\Iowa.png,OCT,13,A,\Logos\Ohio St.png,OCT,20,A,\Logos\Nebraska.png,OCT,26,H,\Logos\Indiana.png,NOV,3,A,\Logos\Illinois.png,NOV,10,H,\Logos\Purdue.png,NOV,17,H,\Logos\Northwestern.png,NOV,24,A,\Logos\Wisconsin.png
Mississippi,\Logos\Mississippi.png,SEP,1,N,\Logos\Texas Tech.png,SEP,8,H,\Logos\S Illinois.png,SEP,15,H,\Logos\Alabama.png,SEP,22,H,\Logos\Kent.png,SEP,29,A,\Logos\LSU.png,OCT,6,H,\Logos\ULM.png,OCT,13,N,\Logos\Arkansas.png,OCT,20,H,\Logos\Auburn.png,NOV,3,H,\Logos\South Carolina.png,NOV,10,A,\Logos\Texas A&M.png,NOV,17,A,\Logos\Vanderbilt.png,NOV,22,H,\Logos\Mississippi St.png
Mississippi St,\Logos\Mississippi St.png,SEP,1,H,\Logos\SF Austin.png,SEP,8,A,\Logos\Kansas St.png,SEP,15,H,\Logos\ULL.png,SEP,22,A,\Logos\Kentucky.png,SEP,29,H,\Logos\Florida.png,OCT,6,H,\Logos\Auburn.png,OCT,20,A,\Logos\LSU.png,OCT,27,H,\Logos\Texas A&M.png,NOV,3,H,\Logos\Louisiana Tech.png,NOV,10,A,\Logos\Alabama.png,NOV,17,H,\Logos\Arkansas.png,NOV,22,A,\Logos\Mississippi.png
Missouri,\Logos\Missouri.png,SEP,1,H,\Logos\TN Martin.png,SEP,8,H,\Logos\Wyoming.png,SEP,15,A,\Logos\Purdue.png,SEP,22,H,\Logos\Georgia.png,OCT,6,A,\Logos\South Carolina.png,OCT,13,A,\Logos\Alabama.png,OCT,20,H,\Logos\Memphis.png,OCT,27,H,\Logos\Kentucky.png,NOV,3,A,\Logos\Florida.png,NOV,10,H,\Logos\Vanderbilt.png,NOV,17,A,\Logos\Tennessee.png,NOV,24,H,\Logos\Arkansas.png
MTSU,\Logos\MTSU.png,SEP,1,A,\Logos\Vanderbilt.png,SEP,8,H,\Logos\TN Martin.png,SEP,15,A,\Logos\Georgia.png,SEP,29,H,\Logos\FL Atlantic.png,OCT,5,A,\Logos\Marshall.png,OCT,13,A,\Logos\Florida Intl.png,OCT,20,H,\Logos\Charlotte.png,OCT,27,A,\Logos\Old Dominion.png,NOV,2,H,\Logos\WKU.png,NOV,10,A,\Logos\UTEP.png,NOV,17,A,\Logos\Kentucky.png,NOV,24,H,\Logos\UAB.png
N Illinois,\Logos\N Illinois.png,SEP,1,A,\Logos\Iowa.png,SEP,8,H,\Logos\Utah.png,SEP,15,H,\Logos\C Michigan.png,SEP,22,A,\Logos\Florida St.png,SEP,29,A,\Logos\E Michigan.png,OCT,6,A,\Logos\Ball St.png,OCT,13,H,\Logos\Ohio.png,OCT,27,A,\Logos\BYU.png,NOV,1,A,\Logos\Akron.png,NOV,7,H,\Logos\Toledo.png,NOV,14,H,\Logos\Miami OH.png,NOV,20,A,\Logos\W Michigan.png
NC State,\Logos\NC State.png,SEP,1,H,\Logos\James Madison.png,SEP,8,H,\Logos\Georgia St.png,SEP,15,H,\Logos\West Virginia.png,SEP,22,A,\Logos\Marshall.png,SEP,29,H,\Logos\Virginia.png,OCT,6,H,\Logos\Boston College.png,OCT,20,A,\Logos\Clemson.png,OCT,27,A,\Logos\Syracuse.png,NOV,3,H,\Logos\Florida St.png,NOV,8,H,\Logos\Wake Forest.png,NOV,17,A,\Logos\Louisville.png,NOV,24,A,\Logos\North Carolina.png
Nebraska,\Logos\Nebraska.png,SEP,1,H,\Logos\Akron.png,SEP,8,H,\Logos\Colorado.png,SEP,15,H,\Logos\Troy.png,SEP,22,A,\Logos\Michigan.png,SEP,29,H,\Logos\Purdue.png,OCT,6,A,\Logos\Wisconsin.png,OCT,13,A,\Logos\Northwestern.png,OCT,20,H,\Logos\Minnesota.png,NOV,3,A,\Logos\Ohio St.png,NOV,10,H,\Logos\Illinois.png,NOV,17,H,\Logos\Michigan St.png,NOV,23,A,\Logos\Iowa.png
Nevada,\Logos\Nevada.png,AUG,31,H,\Logos\Portland St.png,SEP,8,A,\Logos\Vanderbilt.png,SEP,15,H,\Logos\Oregon St.png,SEP,22,A,\Logos\Toledo.png,SEP,29,A,\Logos\Air Force.png,OCT,6,H,\Logos\Fresno St.png,OCT,13,H,\Logos\Boise St.png,OCT,20,A,\Logos\Hawaii.png,OCT,27,H,\Logos\San Diego St.png,NOV,10,H,\Logos\Colorado St.png,NOV,17,A,\Logos\San Jose St.png,NOV,24,A,\Logos\UNLV.png
New Mexico,\Logos\New Mexico.png,SEP,1,H,\Logos\Incarnate Word.png,SEP,8,A,\Logos\Wisconsin.png,SEP,15,A,\Logos\New Mexico St.png,SEP,29,H,\Logos\Liberty.png,OCT,6,A,\Logos\UNLV.png,OCT,13,A,\Logos\Colorado St.png,OCT,20,H,\Logos\Fresno St.png,OCT,27,A,\Logos\Utah St.png,NOV,3,H,\Logos\San Diego St.png,NOV,10,A,\Logos\Air Force.png,NOV,16,H,\Logos\Boise St.png,NOV,24,H,\Logos\Wyoming.png
New Mexico St,\Logos\New Mexico St.png,AUG,25,H,\Logos\Wyoming.png,AUG,30,A,\Logos\Minnesota.png,SEP,8,A,\Logos\Utah St.png,SEP,15,H,\Logos\New Mexico.png,SEP,22,A,\Logos\UTEP.png,OCT,6,H,\Logos\Liberty.png,OCT,13,A,\Logos\ULL.png,OCT,20,H,\Logos\Ga Southern.png,OCT,27,A,\Logos\Texas St.png,NOV,3,H,\Logos\Alcorn St.png,NOV,17,A,\Logos\BYU.png,NOV,24,A,\Logos\Liberty.png
North Carolina,\Logos\North Carolina.png,SEP,1,A,\Logos\California.png,SEP,8,A,\Logos\East Carolina.png,SEP,15,H,\Logos\UCF.png,SEP,22,H,\Logos\Pittsburgh.png,SEP,27,A,\Logos\Miami FL.png,OCT,13,H,\Logos\Virginia Tech.png,OCT,20,A,\Logos\Syracuse.png,OCT,27,A,\Logos\Virginia.png,NOV,3,H,\Logos\Georgia Tech.png,NOV,10,A,\Logos\Duke.png,NOV,17,H,\Logos\W Carolina.png,NOV,24,H,\Logos\NC State.png
North Texas,\Logos\North Texas.png,SEP,1,H,\Logos\SMU.png,SEP,8,H,\Logos\Incarnate Word.png,SEP,15,A,\Logos\Arkansas.png,SEP,22,A,\Logos\Liberty.png,SEP,29,H,\Logos\Louisiana Tech.png,OCT,6,A,\Logos\UTEP.png,OCT,13,H,\Logos\Southern Miss.png,OCT,20,A,\Logos\UAB.png,OCT,27,H,\Logos\Rice.png,NOV,10,A,\Logos\Old Dominion.png,NOV,15,H,\Logos\FL Atlantic.png,NOV,24,A,\Logos\UT San Antonio.png
Northwestern,\Logos\Northwestern.png,AUG,30,A,\Logos\Purdue.png,SEP,8,H,\Logos\Duke.png,SEP,15,H,\Logos\Akron.png,SEP,29,H,\Logos\Michigan.png,OCT,6,A,\Logos\Michigan St.png,OCT,13,H,\Logos\Nebraska.png,OCT,20,A,\Logos\Rutgers.png,OCT,27,H,\Logos\Wisconsin.png,NOV,3,H,\Logos\Notre Dame.png,NOV,10,A,\Logos\Iowa.png,NOV,17,A,\Logos\Minnesota.png,NOV,24,H,\Logos\Illinois.png
Notre Dame,\Logos\Notre Dame.png,SEP,1,H,\Logos\Michigan.png,SEP,8,H,\Logos\Ball St.png,SEP,15,H,\Logos\Vanderbilt.png,SEP,22,A,\Logos\Wake Forest.png,SEP,29,H,\Logos\Stanford.png,OCT,6,A,\Logos\Virginia Tech.png,OCT,13,H,\Logos\Pittsburgh.png,OCT,27,N,\Logos\Navy.png,NOV,3,A,\Logos\Northwestern.png,NOV,10,H,\Logos\Florida St.png,NOV,17,N,\Logos\Syracuse.png,NOV,24,A,\Logos\USC.png
Ohio,\Logos\Ohio.png,SEP,1,H,\Logos\Howard.png,SEP,15,A,\Logos\Virginia.png,SEP,22,A,\Logos\Cincinnati.png,SEP,29,H,\Logos\Massachusetts.png,OCT,6,A,\Logos\Kent.png,OCT,13,A,\Logos\N Illinois.png,OCT,20,H,\Logos\Bowling Green.png,OCT,25,H,\Logos\Ball St.png,NOV,1,A,\Logos\W Michigan.png,NOV,7,A,\Logos\Miami OH.png,NOV,14,H,\Logos\Buffalo.png,NOV,23,H,\Logos\Akron.png
Ohio St,\Logos\Ohio St.png,SEP,1,H,\Logos\Oregon St.png,SEP,8,H,\Logos\Rutgers.png,SEP,15,N,\Logos\TCU.png,SEP,22,H,\Logos\Tulane.png,SEP,29,A,\Logos\Penn St.png,OCT,6,H,\Logos\Indiana.png,OCT,13,H,\Logos\Minnesota.png,OCT,20,A,\Logos\Purdue.png,NOV,3,H,\Logos\Nebraska.png,NOV,10,A,\Logos\Michigan St.png,NOV,17,A,\Logos\Maryland.png,NOV,24,H,\Logos\Michigan.png
Oklahoma,\Logos\Oklahoma.png,SEP,1,H,\Logos\FL Atlantic.png,SEP,8,H,\Logos\UCLA.png,SEP,15,A,\Logos\Iowa St.png,SEP,22,H,\Logos\Army.png,SEP,29,H,\Logos\Baylor.png,OCT,6,N,\Logos\Texas.png,OCT,20,A,\Logos\TCU.png,OCT,27,H,\Logos\Kansas St.png,NOV,3,A,\Logos\Texas Tech.png,NOV,10,H,\Logos\Oklahoma St.png,NOV,17,H,\Logos\Kansas.png,NOV,23,A,\Logos\West Virginia.png
Oklahoma St,\Logos\Oklahoma St.png,AUG,30,H,\Logos\Missouri St.png,SEP,8,H,\Logos\South Alabama.png,SEP,15,H,\Logos\Boise St.png,SEP,22,H,\Logos\Texas Tech.png,SEP,29,A,\Logos\Kansas.png,OCT,6,H,\Logos\Iowa St.png,OCT,13,A,\Logos\Kansas St.png,OCT,27,H,\Logos\Texas.png,NOV,3,A,\Logos\Baylor.png,NOV,10,A,\Logos\Oklahoma.png,NOV,17,H,\Logos\West Virginia.png,NOV,24,A,\Logos\TCU.png
Old Dominion,\Logos\Old Dominion.png,SEP,1,A,\Logos\Liberty.png,SEP,8,H,\Logos\Florida Intl.png,SEP,15,A,\Logos\Charlotte.png,SEP,22,H,\Logos\Virginia Tech.png,SEP,29,A,\Logos\East Carolina.png,OCT,6,A,\Logos\FL Atlantic.png,OCT,13,H,\Logos\Marshall.png,OCT,20,A,\Logos\WKU.png,OCT,27,H,\Logos\MTSU.png,NOV,10,H,\Logos\North Texas.png,NOV,17,H,\Logos\VMI.png,NOV,24,A,\Logos\Rice.png
Oregon,\Logos\Oregon.png,SEP,1,H,\Logos\Bowling Green.png,SEP,8,H,\Logos\Portland St.png,SEP,15,H,\Logos\San Jose St.png,SEP,22,H,\Logos\Stanford.png,SEP,29,A,\Logos\California.png,OCT,13,H,\Logos\Washington.png,OCT,20,A,\Logos\Washington St.png,OCT,27,A,\Logos\Arizona.png,NOV,3,H,\Logos\UCLA.png,NOV,10,A,\Logos\Utah.png,NOV,17,H,\Logos\Arizona St.png,NOV,23,A,\Logos\Oregon St.png
Oregon St,\Logos\Oregon St.png,SEP,1,A,\Logos\Ohio St.png,SEP,8,H,\Logos\Southern Utah.png,SEP,15,A,\Logos\Nevada.png,SEP,22,H,\Logos\Arizona.png,SEP,29,A,\Logos\Arizona St.png,OCT,6,H,\Logos\Washington St.png,OCT,20,H,\Logos\California.png,OCT,27,A,\Logos\Colorado.png,NOV,3,H,\Logos\USC.png,NOV,10,A,\Logos\Stanford.png,NOV,17,A,\Logos\Washington.png,NOV,23,H,\Logos\Oregon.png
Penn St,\Logos\Penn St.png,SEP,1,H,\Logos\Appalachian St.png,SEP,8,A,\Logos\Pittsburgh.png,SEP,15,H,\Logos\Kent.png,SEP,21,A,\Logos\Illinois.png,SEP,29,H,\Logos\Ohio St.png,OCT,13,H,\Logos\Michigan St.png,OCT,20,A,\Logos\Indiana.png,OCT,27,H,\Logos\Iowa.png,NOV,3,A,\Logos\Michigan.png,NOV,10,H,\Logos\Wisconsin.png,NOV,17,A,\Logos\Rutgers.png,NOV,24,H,\Logos\Maryland.png
Pittsburgh,\Logos\Pittsburgh.png,SEP,1,H,\Logos\Albany NY.png,SEP,8,H,\Logos\Penn St.png,SEP,15,H,\Logos\Georgia Tech.png,SEP,22,A,\Logos\North Carolina.png,SEP,29,A,\Logos\UCF.png,OCT,6,H,\Logos\Syracuse.png,OCT,13,A,\Logos\Notre Dame.png,OCT,27,H,\Logos\Duke.png,NOV,2,A,\Logos\Virginia.png,NOV,10,H,\Logos\Virginia Tech.png,NOV,17,A,\Logos\Wake Forest.png,NOV,24,A,\Logos\Miami FL.png
Purdue,\Logos\Purdue.png,AUG,30,H,\Logos\Northwestern.png,SEP,8,H,\Logos\E Michigan.png,SEP,15,H,\Logos\Missouri.png,SEP,22,H,\Logos\Boston College.png,SEP,29,A,\Logos\Nebraska.png,OCT,13,A,\Logos\Illinois.png,OCT,20,H,\Logos\Ohio St.png,OCT,27,A,\Logos\Michigan St.png,NOV,3,H,\Logos\Iowa.png,NOV,10,A,\Logos\Minnesota.png,NOV,17,H,\Logos\Wisconsin.png,NOV,24,A,\Logos\Indiana.png
Rutgers,\Logos\Rutgers.png,SEP,1,H,\Logos\Texas St.png,SEP,8,A,\Logos\Ohio St.png,SEP,15,A,\Logos\Kansas.png,SEP,22,H,\Logos\Buffalo.png,SEP,29,H,\Logos\Indiana.png,OCT,6,H,\Logos\Illinois.png,OCT,13,A,\Logos\Maryland.png,OCT,20,H,\Logos\Northwestern.png,NOV,3,A,\Logos\Wisconsin.png,NOV,10,H,\Logos\Michigan.png,NOV,17,H,\Logos\Penn St.png,NOV,24,A,\Logos\Michigan St.png
San Diego St,\Logos\San Diego St.png,AUG,31,A,\Logos\Stanford.png,SEP,8,H,\Logos\CS Sacramento.png,SEP,15,H,\Logos\Arizona St.png,SEP,22,H,\Logos\E Michigan.png,OCT,6,A,\Logos\Boise St.png,OCT,12,H,\Logos\Air Force.png,OCT,20,H,\Logos\San Jose St.png,OCT,27,A,\Logos\Nevada.png,NOV,3,A,\Logos\New Mexico.png,NOV,10,H,\Logos\UNLV.png,NOV,17,A,\Logos\Fresno St.png,NOV,24,H,\Logos\Hawaii.png
San Jose St,\Logos\San Jose St.png,AUG,30,H,\Logos\UC Davis.png,SEP,8,A,\Logos\Washington St.png,SEP,15,A,\Logos\Oregon.png,SEP,29,H,\Logos\Hawaii.png,OCT,6,H,\Logos\Colorado St.png,OCT,13,H,\Logos\Army.png,OCT,20,A,\Logos\San Diego St.png,OCT,27,H,\Logos\UNLV.png,NOV,3,A,\Logos\Wyoming.png,NOV,10,A,\Logos\Utah St.png,NOV,17,H,\Logos\Nevada.png,NOV,24,A,\Logos\Fresno St.png
SMU,\Logos\SMU.png,SEP,1,A,\Logos\North Texas.png,SEP,7,H,\Logos\TCU.png,SEP,15,A,\Logos\Michigan.png,SEP,22,H,\Logos\Navy.png,SEP,29,H,\Logos\Houston Bap.png,OCT,6,A,\Logos\UCF.png,OCT,20,A,\Logos\Tulane.png,OCT,27,H,\Logos\Cincinnati.png,NOV,3,H,\Logos\Houston.png,NOV,10,A,\Logos\Connecticut.png,NOV,16,H,\Logos\Memphis.png,NOV,24,A,\Logos\Tulsa.png
South Alabama,\Logos\South Alabama.png,SEP,1,H,\Logos\Louisiana Tech.png,SEP,8,A,\Logos\Oklahoma St.png,SEP,15,H,\Logos\Texas St.png,SEP,22,A,\Logos\Memphis.png,SEP,29,A,\Logos\Appalachian St.png,OCT,6,A,\Logos\Ga Southern.png,OCT,13,H,\Logos\Alabama St.png,OCT,23,H,\Logos\Troy.png,NOV,3,A,\Logos\Arkansas St.png,NOV,10,H,\Logos\ULM.png,NOV,17,A,\Logos\ULL.png,NOV,23,H,\Logos\Coastal Car.png
South Carolina,\Logos\South Carolina.png,SEP,1,H,\Logos\Coastal Car.png,SEP,8,H,\Logos\Georgia.png,SEP,15,H,\Logos\Marshall.png,SEP,22,A,\Logos\Vanderbilt.png,SEP,29,A,\Logos\Kentucky.png,OCT,6,H,\Logos\Missouri.png,OCT,13,H,\Logos\Texas A&M.png,OCT,27,H,\Logos\Tennessee.png,NOV,3,A,\Logos\Mississippi.png,NOV,10,A,\Logos\Florida.png,NOV,17,H,\Logos\Chattanooga.png,NOV,24,A,\Logos\Clemson.png
South Florida,\Logos\South Florida.png,SEP,1,H,\Logos\Elon.png,SEP,8,H,\Logos\Georgia Tech.png,SEP,15,N,\Logos\Illinois.png,SEP,22,H,\Logos\East Carolina.png,OCT,6,A,\Logos\Massachusetts.png,OCT,12,A,\Logos\Tulsa.png,OCT,20,H,\Logos\Connecticut.png,OCT,27,A,\Logos\Houston.png,NOV,3,H,\Logos\Tulane.png,NOV,10,A,\Logos\Cincinnati.png,NOV,17,A,\Logos\Temple.png,NOV,23,H,\Logos\UCF.png
Southern Miss,\Logos\Southern Miss.png,SEP,1,H,\Logos\Jackson St.png,SEP,8,H,\Logos\ULM.png,SEP,15,A,\Logos\Appalachian St.png,SEP,22,H,\Logos\Rice.png,SEP,29,A,\Logos\Auburn.png,OCT,13,A,\Logos\North Texas.png,OCT,20,H,\Logos\UT San Antonio.png,OCT,27,A,\Logos\Charlotte.png,NOV,3,H,\Logos\Marshall.png,NOV,10,A,\Logos\UAB.png,NOV,17,H,\Logos\Louisiana Tech.png,NOV,24,A,\Logos\UTEP.png
Stanford,\Logos\Stanford.png,AUG,31,H,\Logos\San Diego St.png,SEP,8,H,\Logos\USC.png,SEP,15,H,\Logos\UC Davis.png,SEP,22,A,\Logos\Oregon.png,SEP,29,A,\Logos\Notre Dame.png,OCT,6,H,\Logos\Utah.png,OCT,18,A,\Logos\Arizona St.png,OCT,27,H,\Logos\Washington St.png,NOV,3,A,\Logos\Washington.png,NOV,10,H,\Logos\Oregon St.png,NOV,17,A,\Logos\California.png,NOV,24,A,\Logos\UCLA.png
Syracuse,\Logos\Syracuse.png,AUG,31,A,\Logos\W Michigan.png,SEP,8,H,\Logos\Wagner.png,SEP,15,H,\Logos\Florida St.png,SEP,22,H,\Logos\Connecticut.png,SEP,29,A,\Logos\Clemson.png,OCT,6,A,\Logos\Pittsburgh.png,OCT,20,H,\Logos\North Carolina.png,OCT,27,H,\Logos\NC State.png,NOV,3,A,\Logos\Wake Forest.png,NOV,9,H,\Logos\Louisville.png,NOV,17,N,\Logos\Notre Dame.png,NOV,24,A,\Logos\Boston College.png
TCU,\Logos\TCU.png,SEP,1,H,\Logos\Southern Univ.png,SEP,7,A,\Logos\SMU.png,SEP,15,N,\Logos\Ohio St.png,SEP,22,A,\Logos\Texas.png,SEP,29,H,\Logos\Iowa St.png,OCT,11,H,\Logos\Texas Tech.png,OCT,20,H,\Logos\Oklahoma.png,OCT,27,A,\Logos\Kansas.png,NOV,3,H,\Logos\Kansas St.png,NOV,10,A,\Logos\West Virginia.png,NOV,17,A,\Logos\Baylor.png,NOV,24,H,\Logos\Oklahoma St.png
Temple,\Logos\Temple.png,SEP,1,H,\Logos\Villanova.png,SEP,8,H,\Logos\Buffalo.png,SEP,15,A,\Logos\Maryland.png,SEP,20,H,\Logos\Tulsa.png,SEP,29,A,\Logos\Boston College.png,OCT,6,H,\Logos\East Carolina.png,OCT,13,A,\Logos\Navy.png,OCT,20,H,\Logos\Cincinnati.png,NOV,1,A,\Logos\UCF.png,NOV,10,A,\Logos\Houston.png,NOV,17,H,\Logos\South Florida.png,NOV,24,A,\Logos\Connecticut.png
Tennessee,\Logos\Tennessee.png,SEP,1,N,\Logos\West Virginia.png,SEP,8,H,\Logos\ETSU.png,SEP,15,H,\Logos\UTEP.png,SEP,22,H,\Logos\Florida.png,SEP,29,A,\Logos\Georgia.png,OCT,13,A,\Logos\Auburn.png,OCT,20,H,\Logos\Alabama.png,OCT,27,A,\Logos\South Carolina.png,NOV,3,H,\Logos\Charlotte.png,NOV,10,H,\Logos\Kentucky.png,NOV,17,H,\Logos\Missouri.png,NOV,24,A,\Logos\Vanderbilt.png
Texas,\Logos\Texas.png,SEP,1,N,\Logos\Maryland.png,SEP,8,H,\Logos\Tulsa.png,SEP,15,H,\Logos\USC.png,SEP,22,H,\Logos\TCU.png,SEP,29,A,\Logos\Kansas St.png,OCT,6,N,\Logos\Oklahoma.png,OCT,13,H,\Logos\Baylor.png,OCT,27,A,\Logos\Oklahoma St.png,NOV,3,H,\Logos\West Virginia.png,NOV,10,A,\Logos\Texas Tech.png,NOV,17,H,\Logos\Iowa St.png,NOV,23,A,\Logos\Kansas.png
Texas A&M,\Logos\Texas A&M.png,AUG,30,H,\Logos\Northwestern LA.png,SEP,8,H,\Logos\Clemson.png,SEP,15,H,\Logos\ULM.png,SEP,22,A,\Logos\Alabama.png,SEP,29,N,\Logos\Arkansas.png,OCT,6,H,\Logos\Kentucky.png,OCT,13,A,\Logos\South Carolina.png,OCT,27,A,\Logos\Mississippi St.png,NOV,3,A,\Logos\Auburn.png,NOV,10,H,\Logos\Mississippi.png,NOV,17,H,\Logos\UAB.png,NOV,24,H,\Logos\LSU.png
Texas St,\Logos\Texas St.png,SEP,1,A,\Logos\Rutgers.png,SEP,8,H,\Logos\TX Southern.png,SEP,15,A,\Logos\South Alabama.png,SEP,22,A,\Logos\UT San Antonio.png,OCT,6,H,\Logos\ULL.png,OCT,11,H,\Logos\Ga Southern.png,OCT,20,A,\Logos\ULM.png,OCT,27,H,\Logos\New Mexico St.png,NOV,3,A,\Logos\Georgia St.png,NOV,10,H,\Logos\Appalachian St.png,NOV,17,A,\Logos\Troy.png,NOV,24,H,\Logos\Arkansas St.png
Texas Tech,\Logos\Texas Tech.png,SEP,1,N,\Logos\Mississippi.png,SEP,8,H,\Logos\Lamar.png,SEP,15,H,\Logos\Houston.png,SEP,22,A,\Logos\Oklahoma St.png,SEP,29,H,\Logos\West Virginia.png,OCT,11,A,\Logos\TCU.png,OCT,20,H,\Logos\Kansas.png,OCT,27,A,\Logos\Iowa St.png,NOV,3,H,\Logos\Oklahoma.png,NOV,10,H,\Logos\Texas.png,NOV,17,A,\Logos\Kansas St.png,NOV,24,N,\Logos\Baylor.png
Toledo,\Logos\Toledo.png,SEP,1,H,\Logos\VMI.png,SEP,15,H,\Logos\Miami FL.png,SEP,22,H,\Logos\Nevada.png,SEP,29,A,\Logos\Fresno St.png,OCT,6,H,\Logos\Bowling Green.png,OCT,13,A,\Logos\E Michigan.png,OCT,20,H,\Logos\Buffalo.png,OCT,25,A,\Logos\W Michigan.png,OCT,31,H,\Logos\Ball St.png,NOV,7,A,\Logos\N Illinois.png,NOV,15,A,\Logos\Kent.png,NOV,23,H,\Logos\C Michigan.png
Troy,\Logos\Troy.png,SEP,1,H,\Logos\Boise St.png,SEP,8,H,\Logos\Florida A&M.png,SEP,15,A,\Logos\Nebraska.png,SEP,22,A,\Logos\ULM.png,SEP,29,H,\Logos\Coastal Car.png,OCT,4,H,\Logos\Georgia St.png,OCT,13,A,\Logos\Liberty.png,OCT,23,A,\Logos\South Alabama.png,NOV,3,H,\Logos\ULL.png,NOV,10,A,\Logos\Ga Southern.png,NOV,17,H,\Logos\Texas St.png,NOV,24,A,\Logos\Appalachian St.png
Tulane,\Logos\Tulane.png,AUG,30,H,\Logos\Wake Forest.png,SEP,8,H,\Logos\Nicholls St.png,SEP,15,A,\Logos\UAB.png,SEP,22,A,\Logos\Ohio St.png,SEP,28,H,\Logos\Memphis.png,OCT,6,A,\Logos\Cincinnati.png,OCT,20,H,\Logos\SMU.png,OCT,27,A,\Logos\Tulsa.png,NOV,3,A,\Logos\South Florida.png,NOV,10,H,\Logos\East Carolina.png,NOV,15,A,\Logos\Houston.png,NOV,24,H,\Logos\Navy.png
Tulsa,\Logos\Tulsa.png,SEP,1,H,\Logos\Cent Arkansas.png,SEP,8,A,\Logos\Texas.png,SEP,15,H,\Logos\Arkansas St.png,SEP,20,A,\Logos\Temple.png,OCT,4,A,\Logos\Houston.png,OCT,12,H,\Logos\South Florida.png,OCT,20,A,\Logos\Arkansas.png,OCT,27,H,\Logos\Tulane.png,NOV,3,H,\Logos\Connecticut.png,NOV,10,A,\Logos\Memphis.png,NOV,17,A,\Logos\Navy.png,NOV,24,H,\Logos\SMU.png
UAB,\Logos\UAB.png,AUG,30,H,\Logos\Savannah St.png,SEP,8,A,\Logos\Coastal Car.png,SEP,15,H,\Logos\Tulane.png,SEP,29,H,\Logos\Charlotte.png,OCT,6,A,\Logos\Louisiana Tech.png,OCT,13,A,\Logos\Rice.png,OCT,20,H,\Logos\North Texas.png,OCT,27,A,\Logos\UTEP.png,NOV,3,H,\Logos\UT San Antonio.png,NOV,10,H,\Logos\Southern Miss.png,NOV,17,A,\Logos\Texas A&M.png,NOV,24,A,\Logos\MTSU.png
UCF,\Logos\UCF.png,AUG,30,A,\Logos\Connecticut.png,SEP,8,H,\Logos\S Carolina St.png,SEP,15,A,\Logos\North Carolina.png,SEP,21,H,\Logos\FL Atlantic.png,SEP,29,H,\Logos\Pittsburgh.png,OCT,6,H,\Logos\SMU.png,OCT,13,A,\Logos\Memphis.png,OCT,20,A,\Logos\East Carolina.png,NOV,1,H,\Logos\Temple.png,NOV,10,H,\Logos\Navy.png,NOV,17,H,\Logos\Cincinnati.png,NOV,23,A,\Logos\South Florida.png
UCLA,\Logos\UCLA.png,SEP,1,H,\Logos\Cincinnati.png,SEP,8,A,\Logos\Oklahoma.png,SEP,15,H,\Logos\Fresno St.png,SEP,28,A,\Logos\Colorado.png,OCT,6,H,\Logos\Washington.png,OCT,13,A,\Logos\California.png,OCT,20,H,\Logos\Arizona.png,OCT,26,H,\Logos\Utah.png,NOV,3,A,\Logos\Oregon.png,NOV,10,A,\Logos\Arizona St.png,NOV,17,H,\Logos\USC.png,NOV,24,H,\Logos\Stanford.png
ULL,\Logos\ULL.png,SEP,1,H,\Logos\Grambling.png,SEP,15,A,\Logos\Mississippi St.png,SEP,22,H,\Logos\Coastal Car.png,SEP,29,A,\Logos\Alabama.png,OCT,6,A,\Logos\Texas St.png,OCT,13,H,\Logos\New Mexico St.png,OCT,20,A,\Logos\Appalachian St.png,OCT,27,H,\Logos\Arkansas St.png,NOV,3,A,\Logos\Troy.png,NOV,10,H,\Logos\Georgia St.png,NOV,17,H,\Logos\South Alabama.png,NOV,24,A,\Logos\ULM.png
ULM,\Logos\ULM.png,AUG,30,H,\Logos\SE Louisiana.png,SEP,8,A,\Logos\Southern Miss.png,SEP,15,A,\Logos\Texas A&M.png,SEP,22,H,\Logos\Troy.png,SEP,29,A,\Logos\Georgia St.png,OCT,6,A,\Logos\Mississippi.png,OCT,13,A,\Logos\Coastal Car.png,OCT,20,H,\Logos\Texas St.png,NOV,3,H,\Logos\Ga Southern.png,NOV,10,A,\Logos\South Alabama.png,NOV,17,A,\Logos\Arkansas St.png,NOV,24,H,\Logos\ULL.png
UNLV,\Logos\UNLV.png,SEP,1,A,\Logos\USC.png,SEP,8,H,\Logos\UTEP.png,SEP,15,H,\Logos\Prairie View.png,SEP,22,A,\Logos\Arkansas St.png,OCT,6,H,\Logos\New Mexico.png,OCT,13,A,\Logos\Utah St.png,OCT,19,H,\Logos\Air Force.png,OCT,27,A,\Logos\San Jose St.png,NOV,3,H,\Logos\Fresno St.png,NOV,10,A,\Logos\San Diego St.png,NOV,17,A,\Logos\Hawaii.png,NOV,24,H,\Logos\Nevada.png
USC,\Logos\USC.png,SEP,1,H,\Logos\UNLV.png,SEP,8,A,\Logos\Stanford.png,SEP,15,A,\Logos\Texas.png,SEP,21,H,\Logos\Washington St.png,SEP,29,A,\Logos\Arizona.png,OCT,13,H,\Logos\Colorado.png,OCT,20,A,\Logos\Utah.png,OCT,27,H,\Logos\Arizona St.png,NOV,3,A,\Logos\Oregon St.png,NOV,10,H,\Logos\California.png,NOV,17,A,\Logos\UCLA.png,NOV,24,H,\Logos\Notre Dame.png
UT San Antonio,\Logos\UT San Antonio.png,SEP,1,A,\Logos\Arizona St.png,SEP,8,H,\Logos\Baylor.png,SEP,15,A,\Logos\Kansas St.png,SEP,22,H,\Logos\Texas St.png,SEP,29,H,\Logos\UTEP.png,OCT,6,A,\Logos\Rice.png,OCT,13,H,\Logos\Louisiana Tech.png,OCT,20,A,\Logos\Southern Miss.png,NOV,3,A,\Logos\UAB.png,NOV,10,H,\Logos\Florida Intl.png,NOV,17,A,\Logos\Marshall.png,NOV,24,H,\Logos\North Texas.png
Utah,\Logos\Utah.png,AUG,30,H,\Logos\Weber St.png,SEP,8,A,\Logos\N Illinois.png,SEP,15,H,\Logos\Washington.png,SEP,29,A,\Logos\Washington St.png,OCT,6,A,\Logos\Stanford.png,OCT,12,H,\Logos\Arizona.png,OCT,20,H,\Logos\USC.png,OCT,26,A,\Logos\UCLA.png,NOV,3,A,\Logos\Arizona St.png,NOV,10,H,\Logos\Oregon.png,NOV,17,A,\Logos\Colorado.png,NOV,24,H,\Logos\BYU.png
Utah St,\Logos\Utah St.png,AUG,31,A,\Logos\Michigan St.png,SEP,8,H,\Logos\New Mexico St.png,SEP,13,H,\Logos\Tennessee Tech.png,SEP,22,H,\Logos\Air Force.png,OCT,5,A,\Logos\BYU.png,OCT,13,H,\Logos\UNLV.png,OCT,20,A,\Logos\Wyoming.png,OCT,27,H,\Logos\New Mexico.png,NOV,3,A,\Logos\Hawaii.png,NOV,10,H,\Logos\San Jose St.png,NOV,17,A,\Logos\Colorado St.png,NOV,24,A,\Logos\Boise St.png
UTEP,\Logos\UTEP.png,SEP,1,H,\Logos\Northern Arizona.png,SEP,8,A,\Logos\UNLV.png,SEP,15,A,\Logos\Tennessee.png,SEP,22,H,\Logos\New Mexico St.png,SEP,29,A,\Logos\UT San Antonio.png,OCT,6,H,\Logos\North Texas.png,OCT,20,A,\Logos\Louisiana Tech.png,OCT,27,H,\Logos\UAB.png,NOV,3,A,\Logos\Rice.png,NOV,10,H,\Logos\MTSU.png,NOV,17,A,\Logos\WKU.png,NOV,24,H,\Logos\Southern Miss.png
Vanderbilt,\Logos\Vanderbilt.png,SEP,1,H,\Logos\MTSU.png,SEP,8,H,\Logos\Nevada.png,SEP,15,A,\Logos\Notre Dame.png,SEP,22,H,\Logos\South Carolina.png,SEP,29,H,\Logos\Tennessee St.png,OCT,6,A,\Logos\Georgia.png,OCT,13,H,\Logos\Florida.png,OCT,20,A,\Logos\Kentucky.png,OCT,27,A,\Logos\Arkansas.png,NOV,10,A,\Logos\Missouri.png,NOV,17,H,\Logos\Mississippi.png,NOV,24,H,\Logos\Tennessee.png
Virginia,\Logos\Virginia.png,SEP,1,H,\Logos\Richmond.png,SEP,8,A,\Logos\Indiana.png,SEP,15,H,\Logos\Ohio.png,SEP,22,H,\Logos\Louisville.png,SEP,29,A,\Logos\NC State.png,OCT,13,H,\Logos\Miami FL.png,OCT,20,A,\Logos\Duke.png,OCT,27,H,\Logos\North Carolina.png,NOV,2,H,\Logos\Pittsburgh.png,NOV,10,H,\Logos\Liberty.png,NOV,17,A,\Logos\Georgia Tech.png,NOV,23,A,\Logos\Virginia Tech.png
Virginia Tech,\Logos\Virginia Tech.png,SEP,3,A,\Logos\Florida St.png,SEP,8,H,\Logos\William & Mary.png,SEP,15,H,\Logos\East Carolina.png,SEP,22,A,\Logos\Old Dominion.png,SEP,29,A,\Logos\Duke.png,OCT,6,H,\Logos\Notre Dame.png,OCT,13,A,\Logos\North Carolina.png,OCT,25,H,\Logos\Georgia Tech.png,NOV,3,H,\Logos\Boston College.png,NOV,10,A,\Logos\Pittsburgh.png,NOV,17,H,\Logos\Miami FL.png,NOV,23,H,\Logos\Virginia.png
W Michigan,\Logos\W Michigan.png,AUG,31,H,\Logos\Syracuse.png,SEP,8,A,\Logos\Michigan.png,SEP,15,H,\Logos\Delaware St.png,SEP,22,A,\Logos\Georgia St.png,SEP,29,A,\Logos\Miami OH.png,OCT,6,H,\Logos\E Michigan.png,OCT,13,A,\Logos\Bowling Green.png,OCT,20,A,\Logos\C Michigan.png,OCT,25,H,\Logos\Toledo.png,NOV,1,H,\Logos\Ohio.png,NOV,13,A,\Logos\Ball St.png,NOV,20,H,\Logos\N Illinois.png
Wake Forest,\Logos\Wake Forest.png,AUG,30,A,\Logos\Tulane.png,SEP,8,H,\Logos\Towson.png,SEP,13,H,\Logos\Boston College.png,SEP,22,H,\Logos\Notre Dame.png,SEP,29,H,\Logos\Rice.png,OCT,6,H,\Logos\Clemson.png,OCT,20,A,\Logos\Florida St.png,OCT,27,A,\Logos\Louisville.png,NOV,3,H,\Logos\Syracuse.png,NOV,8,A,\Logos\NC State.png,NOV,17,H,\Logos\Pittsburgh.png,NOV,24,A,\Logos\Duke.png
Washington,\Logos\Washington.png,SEP,1,N,\Logos\Auburn.png,SEP,8,H,\Logos\North Dakota.png,SEP,15,A,\Logos\Utah.png,SEP,22,H,\Logos\Arizona St.png,SEP,29,H,\Logos\BYU.png,OCT,6,A,\Logos\UCLA.png,OCT,13,A,\Logos\Oregon.png,OCT,20,H,\Logos\Colorado.png,OCT,27,A,\Logos\California.png,NOV,3,H,\Logos\Stanford.png,NOV,17,H,\Logos\Oregon St.png,NOV,23,A,\Logos\Washington St.png
Washington St,\Logos\Washington St.png,SEP,1,A,\Logos\Wyoming.png,SEP,8,H,\Logos\San Jose St.png,SEP,15,H,\Logos\E Washington.png,SEP,21,A,\Logos\USC.png,SEP,29,H,\Logos\Utah.png,OCT,6,A,\Logos\Oregon St.png,OCT,20,H,\Logos\Oregon.png,OCT,27,A,\Logos\Stanford.png,NOV,3,H,\Logos\California.png,NOV,10,A,\Logos\Colorado.png,NOV,17,H,\Logos\Arizona.png,NOV,23,H,\Logos\Washington.png
West Virginia,\Logos\West Virginia.png,SEP,1,N,\Logos\Tennessee.png,SEP,8,H,\Logos\Youngstown St.png,SEP,15,A,\Logos\NC State.png,SEP,22,H,\Logos\Kansas St.png,SEP,29,A,\Logos\Texas Tech.png,OCT,6,H,\Logos\Kansas.png,OCT,13,A,\Logos\Iowa St.png,OCT,25,H,\Logos\Baylor.png,NOV,3,A,\Logos\Texas.png,NOV,10,H,\Logos\TCU.png,NOV,17,A,\Logos\Oklahoma St.png,NOV,23,H,\Logos\Oklahoma.png
Wisconsin,\Logos\Wisconsin.png,AUG,31,H,\Logos\WKU.png,SEP,8,H,\Logos\New Mexico.png,SEP,15,H,\Logos\BYU.png,SEP,22,A,\Logos\Iowa.png,OCT,6,H,\Logos\Nebraska.png,OCT,13,A,\Logos\Michigan.png,OCT,20,H,\Logos\Illinois.png,OCT,27,A,\Logos\Northwestern.png,NOV,3,H,\Logos\Rutgers.png,NOV,10,A,\Logos\Penn St.png,NOV,17,A,\Logos\Purdue.png,NOV,24,H,\Logos\Minnesota.png
WKU,\Logos\WKU.png,AUG,31,A,\Logos\Wisconsin.png,SEP,8,H,\Logos\Maine.png,SEP,15,A,\Logos\Louisville.png,SEP,22,A,\Logos\Ball St.png,SEP,29,H,\Logos\Marshall.png,OCT,13,A,\Logos\Charlotte.png,OCT,20,H,\Logos\Old Dominion.png,OCT,27,H,\Logos\Florida Intl.png,NOV,2,A,\Logos\MTSU.png,NOV,10,A,\Logos\FL Atlantic.png,NOV,17,H,\Logos\UTEP.png,NOV,24,A,\Logos\Louisiana Tech.png
Wyoming,\Logos\Wyoming.png,AUG,25,A,\Logos\New Mexico St.png,SEP,1,H,\Logos\Washington St.png,SEP,8,A,\Logos\Missouri.png,SEP,15,H,\Logos\Wofford.png,SEP,29,H,\Logos\Boise St.png,OCT,6,A,\Logos\Hawaii.png,OCT,13,A,\Logos\Fresno St.png,OCT,20,H,\Logos\Utah St.png,OCT,26,A,\Logos\Colorado St.png,NOV,3,H,\Logos\San Jose St.png,NOV,17,H,\Logos\Air Force.png,NOV,24,A,\Logos\New Mexico.png